post_id,user_id,timestamp,likes,shares,comments,media_type
1,137,2025-03-21 19:04:17.581905,217,474,139,image
2,51,2025-03-21 21:50:31.581905,426,398,245,text
3,29,2025-03-23 09:11:17.581905,969,197,148,text
4,40,2025-03-15 16:51:30.581905,413,46,245,image
5,41,2025-02-25 09:16:55.581905,113,77,4,text
6,11,2025-03-04 14:02:07.581905,977,123,183,video
7,151,2025-03-21 23:20:36.581905,144,74,19,image
8,1,2025-03-14 06:45:53.581905,537,358,45,video
9,46,2025-03-19 07:07:01.581905,647,136,11,image
10,101,2025-03-09 06:13:41.581905,302,89,69,text
11,149,2025-03-22 09:51:42.581905,743,399,16,text
12,90,2025-03-10 11:04:18.581905,880,324,146,text
13,110,2025-02-27 07:55:14.581905,587,499,153,image
14,164,2025-03-20 20:36:29.581905,986,60,107,video
15,182,2025-02-27 22:08:32.581905,839,137,235,video
16,57,2025-03-05 05:19:08.581905,344,49,69,image
17,1,2025-03-11 23:20:02.581905,813,258,182,image
18,63,2025-03-16 13:27:18.581905,963,460,249,video
19,182,2025-02-27 21:30:16.581905,800,106,227,video
20,55,2025-03-17 05:45:20.581905,0,112,101,video
21,115,2025-03-05 06:34:50.581905,146,349,74,video
22,168,2025-02-25 07:21:42.581905,286,253,215,image
23,143,2025-03-10 17:24:59.581905,975,117,202,image
24,149,2025-03-22 12:31:18.581905,653,492,191,text
25,175,2025-03-12 06:26:12.581905,52,197,248,video
26,53,2025-03-13 03:07:12.581905,303,336,241,text
27,137,2025-03-07 13:29:43.581905,68,364,178,image
28,180,2025-03-11 05:48:38.581905,360,50,218,image
29,57,2025-03-26 00:15:31.581905,601,244,81,text
30,117,2025-03-06 17:23:07.581905,957,402,91,video
31,154,2025-03-14 00:51:49.581905,219,425,174,video
32,169,2025-03-22 04:43:49.581905,961,34,238,video
33,35,2025-03-18 07:50:33.581905,703,301,259,video
34,63,2025-03-03 16:32:38.581905,965,409,162,text
35,25,2025-03-02 05:03:02.581905,574,498,47,text
36,90,2025-03-03 14:41:30.581905,584,68,115,image
37,75,2025-03-13 11:34:49.581905,160,348,224,video
38,38,2025-02-24 20:54:32.581905,680,319,146,video
39,130,2025-02-25 02:10:01.581905,88,420,62,video
40,135,2025-03-07 03:27:04.581905,687,467,293,text
41,162,2025-03-18 17:31:41.581905,780,48,12,video
42,91,2025-03-24 01:48:49.581905,584,404,188,text
43,17,2025-03-23 13:10:37.581905,756,73,286,video
44,128,2025-03-24 05:12:15.581905,588,191,207,video
45,171,2025-03-02 05:22:05.581905,158,260,113,image
46,187,2025-03-26 01:09:51.581905,488,355,21,video
47,108,2025-03-11 05:16:03.581905,970,69,213,video
48,179,2025-03-25 20:39:13.581905,323,89,170,image
49,182,2025-03-24 10:15:56.581905,609,259,53,text
50,152,2025-03-13 01:47:16.581905,380,125,297,text
51,25,2025-02-24 21:34:55.581905,101,230,125,video
52,199,2025-03-17 05:46:52.581905,493,294,276,text
53,180,2025-02-27 01:54:15.581905,643,497,203,video
54,198,2025-03-05 09:52:18.581905,613,418,193,image
55,88,2025-03-06 11:48:09.581905,18,128,168,image
56,161,2025-03-21 14:47:09.581905,453,279,151,video
57,177,2025-03-03 02:31:52.581905,481,312,34,image
58,29,2025-03-17 18:21:15.581905,593,99,183,image
59,63,2025-03-25 17:03:56.581905,396,325,285,video
60,150,2025-03-16 15:16:02.581905,278,296,56,video
61,154,2025-03-19 21:38:22.581905,850,181,221,image
62,156,2025-03-05 10:30:36.581905,364,173,162,text
63,114,2025-03-13 13:38:16.581905,330,315,18,text
64,49,2025-03-22 19:02:40.581905,640,363,263,video
65,199,2025-03-11 21:27:42.581905,343,187,281,video
66,81,2025-03-10 05:39:12.581905,821,56,112,text
67,84,2025-02-27 06:09:43.581905,454,30,29,image
68,105,2025-03-20 08:44:12.581905,600,83,134,text
69,177,2025-03-22 17:23:02.581905,724,151,66,text
70,148,2025-02-26 09:18:36.581905,654,472,64,text
71,118,2025-03-10 19:54:48.581905,64,35,291,text
72,86,2025-03-08 05:25:44.581905,75,212,24,video
73,63,2025-03-14 10:45:45.581905,710,413,36,video
74,189,2025-03-26 00:42:58.581905,142,407,0,image
75,104,2025-03-02 15:30:32.581905,916,363,36,image
76,49,2025-03-12 08:07:34.581905,914,105,140,image
77,71,2025-03-11 07:01:23.581905,827,413,231,image
78,1,2025-03-07 18:27:20.581905,604,341,135,text
79,141,2025-03-02 19:43:46.581905,472,219,187,video
80,179,2025-02-24 09:06:34.581905,416,390,127,video
81,123,2025-03-08 12:40:23.581905,304,162,200,image
82,184,2025-03-11 10:07:32.581905,735,438,126,image
83,62,2025-03-16 13:39:47.581905,496,219,256,text
84,32,2025-03-25 09:16:54.581905,290,269,163,text
85,158,2025-03-10 23:38:27.581905,939,119,34,image
86,29,2025-03-14 18:07:35.581905,101,393,193,video
87,49,2025-03-17 22:36:09.581905,985,335,190,video
88,173,2025-03-07 10:31:19.581905,266,399,103,video
89,30,2025-03-12 14:36:59.581905,866,181,22,image
90,144,2025-02-24 16:15:31.581905,967,478,264,video
91,168,2025-03-23 21:20:17.581905,621,105,289,text
92,19,2025-03-23 10:43:31.581905,973,216,259,text
93,18,2025-03-13 12:32:11.581905,841,204,74,image
94,1,2025-03-19 15:33:10.581905,961,69,71,text
95,78,2025-03-21 22:21:06.581905,941,43,258,image
96,115,2025-03-16 09:21:13.581905,776,328,187,video
97,175,2025-02-25 16:31:17.581905,2,300,172,video
98,194,2025-03-25 22:44:13.581905,84,227,289,video
99,113,2025-03-16 05:10:42.581905,793,183,44,text
100,114,2025-03-20 13:04:45.581905,327,106,60,image
101,166,2025-03-02 21:28:13.581905,815,83,82,video
102,179,2025-03-20 12:42:45.581905,449,337,122,image
103,63,2025-03-21 22:35:32.581905,453,249,15,video
104,132,2025-02-27 10:55:45.581905,923,362,65,text
105,129,2025-03-17 10:42:27.581905,628,440,144,text
106,8,2025-03-08 14:24:18.581905,220,20,161,image
107,157,2025-03-07 15:20:54.581905,153,195,233,text
108,55,2025-02-28 04:13:46.581905,664,177,143,text
109,103,2025-03-17 18:09:37.581905,11,416,187,image
110,131,2025-03-01 18:38:37.581905,132,474,12,video
111,32,2025-03-19 20:17:58.581905,993,6,183,text
112,10,2025-03-11 09:47:12.581905,303,69,110,image
113,110,2025-03-20 16:00:37.581905,292,126,289,text
114,162,2025-03-22 17:12:43.581905,974,398,294,text
115,124,2025-03-01 19:06:21.581905,299,465,214,text
116,87,2025-03-18 15:50:07.581905,739,159,119,text
117,55,2025-02-25 17:18:49.581905,782,247,54,image
118,32,2025-03-13 17:10:48.581905,42,202,26,image
119,178,2025-03-10 01:54:21.581905,943,147,117,image
120,135,2025-02-26 05:46:51.581905,342,471,220,text
121,93,2025-02-26 14:06:07.581905,325,142,230,text
122,8,2025-03-18 22:42:17.581905,813,431,52,text
123,65,2025-03-06 11:56:08.581905,497,198,294,image
124,57,2025-03-15 17:20:37.581905,363,404,232,text
125,67,2025-03-09 15:01:39.581905,890,425,157,video
126,187,2025-03-22 22:01:08.581905,426,153,268,text
127,72,2025-02-25 12:39:16.581905,20,491,20,video
128,54,2025-03-19 10:51:03.581905,406,375,52,text
129,67,2025-03-23 07:38:37.581905,618,383,274,image
130,51,2025-03-05 00:25:45.581905,335,141,280,text
131,97,2025-03-08 19:48:58.581905,814,312,213,video
132,92,2025-03-06 05:31:58.581905,116,164,30,video
133,8,2025-03-13 00:11:20.581905,123,313,182,text
134,162,2025-03-09 11:20:01.581905,398,20,22,video
135,35,2025-03-07 09:04:55.581905,792,81,31,video
136,96,2025-03-10 03:43:42.581905,803,68,73,image
137,88,2025-03-19 12:17:27.581905,714,130,9,text
138,78,2025-03-07 16:13:05.581905,50,86,53,text
139,32,2025-03-18 10:19:41.581905,782,217,51,text
140,120,2025-02-28 12:12:16.581905,323,420,147,video
141,46,2025-03-25 04:36:54.581905,788,471,159,text
142,144,2025-02-24 14:45:32.581905,140,304,13,text
143,196,2025-03-12 13:04:52.581905,469,402,177,image
144,165,2025-03-21 02:59:03.581905,786,370,52,image
145,182,2025-03-25 12:03:15.581905,801,344,21,image
146,142,2025-02-25 09:05:03.581905,333,340,29,video
147,55,2025-03-14 08:18:24.581905,892,383,190,text
148,176,2025-03-19 23:10:30.581905,963,395,259,image
149,7,2025-02-26 10:16:22.581905,372,444,204,image
150,74,2025-03-20 16:23:58.581905,563,424,58,image
151,7,2025-03-19 08:42:48.581905,493,160,263,text
152,161,2025-03-10 00:23:49.581905,538,177,11,text
153,151,2025-03-02 09:18:02.581905,668,116,118,text
154,85,2025-02-24 23:41:53.581905,750,195,289,video
155,147,2025-03-25 02:47:02.581905,155,382,247,video
156,112,2025-03-24 20:46:00.581905,290,489,126,image
157,125,2025-03-15 19:13:07.581905,647,326,74,text
158,147,2025-03-07 12:04:53.581905,143,85,203,image
159,36,2025-03-13 12:11:52.581905,105,288,48,text
160,29,2025-03-21 23:29:07.581905,419,80,78,text
161,188,2025-02-25 14:11:35.581905,669,151,240,text
162,82,2025-03-14 22:50:27.581905,657,60,153,video
163,2,2025-02-28 18:30:37.581905,1,60,273,video
164,129,2025-03-01 21:16:33.581905,944,353,95,text
165,47,2025-03-25 14:32:48.581905,588,27,213,image
166,197,2025-02-24 08:45:06.581905,643,441,293,text
167,148,2025-03-16 22:18:59.581905,89,42,208,text
168,11,2025-03-18 17:27:36.581905,344,168,87,image
169,130,2025-03-17 09:25:03.581905,349,422,263,text
170,195,2025-02-26 18:08:43.581905,458,85,156,image
171,119,2025-03-22 07:15:37.581905,262,176,155,video
172,140,2025-03-12 03:09:57.581905,350,16,138,video
173,20,2025-02-24 19:37:14.581905,107,97,120,image
174,5,2025-03-07 20:08:10.581905,585,453,64,video
175,37,2025-03-20 05:03:30.581905,38,493,106,video
176,166,2025-03-21 18:05:50.581905,908,197,146,image
177,137,2025-03-13 10:15:23.581905,158,97,136,video
178,53,2025-03-17 22:32:40.581905,582,64,161,text
179,172,2025-03-01 04:48:59.581905,958,329,99,text
180,99,2025-02-24 13:35:00.581905,311,340,140,image
181,86,2025-03-22 14:49:34.581905,240,4,82,video
182,108,2025-02-24 20:47:45.581905,937,1,176,text
183,24,2025-03-04 23:14:20.581905,444,21,197,text
184,81,2025-03-13 20:00:13.581905,297,111,111,video
185,158,2025-02-28 22:27:07.581905,951,56,55,video
186,120,2025-03-05 00:44:53.581905,35,65,178,text
187,59,2025-03-05 12:31:55.581905,83,329,185,text
188,128,2025-02-26 17:13:48.581905,451,97,217,image
189,114,2025-03-12 07:45:51.581905,885,143,216,image
190,115,2025-03-13 05:52:42.581905,774,367,119,text
191,14,2025-02-27 05:31:23.581905,821,434,174,image
192,9,2025-03-24 01:28:43.581905,384,124,22,text
193,40,2025-03-11 05:25:49.581905,171,166,212,text
194,194,2025-02-26 04:02:16.581905,375,85,234,image
195,25,2025-03-14 04:27:56.581905,684,75,12,image
196,103,2025-03-05 19:13:58.581905,361,343,100,video
197,22,2025-03-21 20:05:56.581905,558,494,23,video
198,4,2025-03-10 23:14:50.581905,890,423,10,video
199,154,2025-03-04 00:00:16.581905,140,293,272,text
200,186,2025-03-09 01:29:50.581905,886,443,280,image
201,29,2025-03-21 15:40:50.581905,917,58,93,text
202,109,2025-03-12 15:46:13.581905,117,137,200,image
203,98,2025-03-16 06:17:20.581905,276,98,20,text
204,37,2025-03-25 17:16:18.581905,725,191,210,video
205,75,2025-03-24 15:32:31.581905,219,242,139,video
206,70,2025-03-19 11:15:10.581905,904,318,292,video
207,146,2025-02-25 08:07:08.581905,25,48,297,text
208,128,2025-03-15 08:17:36.581905,520,447,100,image
209,85,2025-02-25 09:13:45.581905,782,31,27,image
210,42,2025-03-18 06:46:18.581905,9,390,40,video
211,100,2025-03-20 15:29:30.581905,983,276,145,video
212,41,2025-03-13 02:08:43.581905,377,19,255,video
213,166,2025-03-12 08:40:51.581905,632,153,226,video
214,34,2025-03-19 08:28:54.581905,636,382,235,image
215,17,2025-03-15 07:30:13.581905,681,67,12,text
216,165,2025-03-20 23:32:42.581905,583,365,209,text
217,153,2025-02-27 17:18:22.581905,151,371,228,text
218,122,2025-03-21 16:27:26.581905,719,213,99,text
219,76,2025-03-06 15:37:08.581905,48,142,30,video
220,87,2025-03-14 17:12:45.581905,153,375,15,video
221,117,2025-02-25 18:13:50.581905,858,231,136,video
222,106,2025-03-19 15:28:17.581905,292,212,165,text
223,86,2025-03-22 20:52:14.581905,579,78,99,video
224,27,2025-02-28 18:17:23.581905,49,213,108,video
225,57,2025-03-21 08:46:35.581905,663,115,172,image
226,31,2025-03-01 15:10:42.581905,530,91,236,image
227,134,2025-02-24 22:27:22.581905,611,269,161,video
228,168,2025-03-04 17:18:41.581905,59,410,215,image
229,98,2025-03-06 09:04:28.581905,166,380,263,image
230,12,2025-03-08 08:11:18.581905,201,488,262,video
231,53,2025-03-05 16:02:43.581905,856,167,291,video
232,199,2025-02-28 10:44:12.581905,145,57,273,video
233,138,2025-03-17 14:27:53.581905,914,283,2,video
234,173,2025-03-15 07:26:32.581905,675,25,27,text
235,145,2025-03-19 13:39:00.581905,969,368,148,text
236,154,2025-03-02 12:42:21.581905,992,446,27,video
237,190,2025-02-25 19:41:05.581905,438,65,64,image
238,122,2025-03-03 13:53:30.581905,241,408,20,video
239,46,2025-03-21 15:03:31.581905,580,247,251,video
240,64,2025-02-25 19:36:30.581905,686,253,234,image
241,130,2025-03-13 16:38:30.581905,560,386,226,text
242,54,2025-02-28 10:26:03.581905,482,455,12,video
243,107,2025-03-04 01:28:43.581905,107,43,48,video
244,193,2025-03-12 11:33:14.581905,225,96,117,text
245,51,2025-03-24 17:22:16.581905,672,41,53,text
246,181,2025-02-25 11:22:23.581905,630,499,137,image
247,36,2025-03-10 11:23:49.581905,660,226,52,text
248,115,2025-03-07 13:42:25.581905,976,261,43,text
249,26,2025-03-04 04:38:43.581905,661,166,52,text
250,29,2025-03-23 12:04:03.581905,431,435,73,image
251,149,2025-03-24 18:45:01.581905,804,278,45,text
252,11,2025-03-04 04:32:29.581905,654,88,12,text
253,40,2025-03-14 11:46:02.581905,418,378,164,image
254,11,2025-03-14 09:18:26.581905,987,177,101,text
255,164,2025-03-06 14:41:04.581905,454,426,279,text
256,113,2025-03-24 21:01:54.581905,159,402,257,image
257,187,2025-02-27 19:52:11.581905,522,196,137,video
258,39,2025-03-17 11:45:38.581905,649,306,162,image
259,54,2025-03-13 03:17:18.581905,968,266,110,text
260,98,2025-03-03 20:16:21.581905,589,267,101,text
261,55,2025-02-28 11:47:07.581905,76,73,16,text
262,111,2025-03-20 18:16:50.581905,508,7,267,image
263,152,2025-03-05 06:38:38.581905,440,407,181,text
264,150,2025-03-01 21:51:44.581905,253,475,23,text
265,69,2025-02-26 05:52:50.581905,920,296,28,image
266,56,2025-03-16 09:23:57.581905,769,163,170,video
267,33,2025-03-06 16:07:22.581905,319,484,227,video
268,36,2025-03-16 18:45:01.581905,802,84,187,text
269,148,2025-02-25 15:40:19.581905,262,71,229,image
270,81,2025-03-04 23:56:23.581905,596,54,118,text
271,190,2025-03-09 03:27:08.581905,657,392,155,image
272,109,2025-03-20 09:59:28.581905,834,46,271,image
273,154,2025-03-05 03:43:41.581905,553,398,174,video
274,194,2025-03-25 15:24:10.581905,373,431,103,video
275,73,2025-03-11 20:39:35.581905,636,237,91,image
276,40,2025-03-03 06:26:54.581905,166,103,185,text
277,17,2025-03-09 06:59:55.581905,936,209,282,video
278,129,2025-03-20 19:52:46.581905,752,41,180,text
279,61,2025-03-06 06:29:51.581905,458,315,169,video
280,171,2025-03-01 15:59:54.581905,998,467,186,video
281,104,2025-03-15 21:04:30.581905,279,453,174,text
282,42,2025-03-08 22:16:34.581905,699,267,221,video
283,25,2025-03-06 23:44:10.581905,301,385,232,video
284,39,2025-02-25 14:18:58.581905,530,262,161,text
285,35,2025-03-25 11:15:29.581905,579,335,133,video
286,131,2025-03-07 21:09:33.581905,217,386,223,video
287,108,2025-03-15 07:33:47.581905,101,364,152,video
288,172,2025-03-18 03:53:46.581905,553,258,32,text
289,179,2025-03-23 08:29:46.581905,287,282,54,image
290,102,2025-02-25 08:29:57.581905,166,113,6,text
291,98,2025-03-22 08:56:29.581905,620,362,243,image
292,12,2025-03-25 11:04:00.581905,35,39,125,video
293,19,2025-03-23 15:31:13.581905,743,485,11,image
294,101,2025-03-19 01:37:36.581905,740,416,15,text
295,44,2025-02-25 10:58:48.581905,352,219,207,text
296,187,2025-03-13 17:20:48.581905,675,128,42,video
297,49,2025-03-14 20:42:24.581905,898,7,134,image
298,189,2025-03-21 22:33:27.581905,72,100,227,video
299,17,2025-03-16 16:36:13.581905,647,415,110,video
300,74,2025-03-18 05:32:48.581905,352,379,159,text
301,57,2025-03-09 23:48:53.581905,890,175,263,image
302,55,2025-03-19 10:13:51.581905,69,106,224,image
303,47,2025-03-24 13:12:11.581905,424,100,216,image
304,12,2025-03-12 12:35:22.581905,998,259,44,image
305,62,2025-03-04 13:24:10.581905,707,477,213,video
306,80,2025-03-20 21:53:33.581905,780,453,58,video
307,83,2025-03-13 15:38:03.581905,560,365,131,text
308,8,2025-03-16 11:39:34.581905,827,245,103,video
309,149,2025-02-25 13:07:50.581905,641,274,194,video
310,81,2025-03-06 22:40:40.581905,955,31,156,text
311,118,2025-03-09 04:58:32.581905,516,136,97,text
312,198,2025-02-26 04:10:21.581905,427,11,225,text
313,25,2025-03-25 03:37:06.581905,538,394,204,video
314,89,2025-03-18 11:15:07.581905,159,301,78,video
315,12,2025-02-25 15:08:40.581905,148,374,123,text
316,143,2025-02-25 10:40:41.581905,775,15,217,text
317,59,2025-03-19 11:51:07.581905,229,128,3,text
318,154,2025-03-03 14:44:14.581905,711,62,89,video
319,109,2025-03-21 03:27:05.581905,561,108,103,video
320,26,2025-02-25 17:58:31.581905,66,374,118,image
321,47,2025-03-12 14:52:15.581905,811,20,132,video
322,32,2025-03-20 00:55:06.581905,380,157,95,video
323,10,2025-03-23 11:42:25.581905,57,268,142,video
324,16,2025-03-21 17:58:34.581905,258,161,287,text
325,199,2025-03-23 07:46:18.581905,341,259,27,video
326,145,2025-03-04 02:18:11.581905,837,411,277,text
327,151,2025-03-04 01:47:32.581905,129,101,232,image
328,26,2025-03-19 03:12:00.581905,726,222,16,image
329,86,2025-03-12 11:33:33.581905,171,58,58,text
330,135,2025-03-01 06:17:28.581905,769,246,89,text
331,14,2025-03-20 19:22:10.581905,613,127,198,text
332,79,2025-03-08 07:02:17.581905,208,282,25,video
333,117,2025-03-08 10:56:33.581905,802,324,24,image
334,7,2025-03-17 18:18:52.581905,353,24,266,text
335,137,2025-03-08 21:44:41.581905,470,130,180,video
336,115,2025-03-14 10:32:20.581905,797,352,67,image
337,176,2025-03-16 23:39:56.581905,115,195,48,video
338,72,2025-03-10 06:50:12.581905,263,280,174,image
339,59,2025-03-22 16:01:31.581905,661,403,51,video
340,82,2025-02-25 22:46:10.581905,811,417,101,image
341,116,2025-03-12 19:05:25.581905,441,153,215,image
342,167,2025-03-01 21:13:30.581905,547,381,187,video
343,146,2025-02-28 08:46:41.581905,452,132,56,text
344,187,2025-03-23 02:34:21.581905,844,226,46,image
345,103,2025-03-13 09:18:52.581905,476,188,158,text
346,17,2025-03-05 08:03:46.581905,286,475,173,video
347,14,2025-03-03 19:07:03.581905,302,476,241,text
348,159,2025-03-22 22:17:42.581905,310,264,281,text
349,152,2025-03-25 22:44:20.581905,207,371,240,text
350,108,2025-03-11 03:00:33.581905,617,485,4,text
351,188,2025-03-22 22:34:43.581905,445,433,83,text
352,45,2025-03-18 03:54:31.581905,669,133,247,image
353,98,2025-03-23 10:40:11.581905,632,210,53,image
354,131,2025-03-10 23:54:32.581905,54,59,160,image
355,37,2025-03-13 20:27:02.581905,911,427,225,video
356,171,2025-03-01 07:22:09.581905,11,376,14,text
357,168,2025-03-09 16:22:49.581905,656,394,223,image
358,183,2025-03-25 02:08:38.581905,399,449,60,video
359,108,2025-03-07 15:21:48.581905,907,430,121,image
360,39,2025-03-03 19:44:33.581905,647,363,276,image
361,15,2025-03-03 14:58:17.581905,979,363,45,text
362,120,2025-02-25 11:39:41.581905,514,456,293,video
363,4,2025-03-15 18:35:52.581905,655,212,61,text
364,93,2025-03-16 09:56:23.581905,541,215,85,text
365,153,2025-02-27 09:46:08.581905,236,225,209,image
366,141,2025-02-24 18:05:56.581905,278,469,77,text
367,161,2025-02-26 17:57:24.581905,347,130,201,video
368,16,2025-03-07 09:15:12.581905,626,75,222,text
369,170,2025-03-08 14:32:27.581905,103,475,221,text
370,108,2025-03-07 23:34:22.581905,629,285,2,text
371,126,2025-03-12 18:14:40.581905,516,473,5,image
372,194,2025-03-22 12:19:37.581905,979,495,92,video
373,55,2025-03-01 10:46:30.581905,871,276,7,image
374,170,2025-03-19 22:33:19.581905,247,155,234,image
375,34,2025-03-19 02:12:15.581905,363,247,107,image
376,158,2025-02-27 00:29:58.581905,320,217,160,image
377,13,2025-02-24 03:29:58.581905,632,189,208,image
378,141,2025-03-16 09:30:30.581905,285,416,239,video
379,18,2025-03-07 17:43:13.581905,148,468,49,text
380,160,2025-03-15 07:47:26.581905,83,162,10,image
381,96,2025-03-07 08:31:12.581905,965,179,155,image
382,123,2025-02-26 07:15:54.581905,405,33,69,video
383,39,2025-03-01 07:29:02.581905,977,40,168,video
384,46,2025-03-07 02:25:44.581905,455,306,271,text
385,29,2025-03-25 17:46:33.581905,742,430,67,video
386,190,2025-03-10 16:45:33.581905,799,337,251,text
387,62,2025-03-21 05:37:02.581905,160,313,47,image
388,185,2025-03-09 08:09:59.581905,783,74,183,image
389,16,2025-02-26 16:33:33.581905,459,440,186,text
390,184,2025-03-09 05:59:55.581905,549,278,89,video
391,121,2025-03-15 04:04:18.581905,499,175,138,text
392,10,2025-03-12 05:43:37.581905,737,383,88,video
393,158,2025-03-20 17:02:30.581905,508,149,273,image
394,153,2025-03-12 14:00:33.581905,653,272,18,video
395,103,2025-02-26 05:30:09.581905,803,324,153,text
396,84,2025-03-24 22:44:25.581905,480,107,259,text
397,133,2025-02-25 06:29:42.581905,662,138,107,image
398,65,2025-03-24 18:19:55.581905,113,349,284,video
399,177,2025-03-18 02:52:52.581905,748,270,58,video
400,3,2025-03-04 19:02:28.581905,577,346,124,video
401,173,2025-03-05 09:47:55.581905,360,418,272,image
402,142,2025-03-08 04:26:20.581905,340,288,106,video
403,120,2025-03-22 10:25:46.581905,769,211,298,text
404,158,2025-03-15 22:08:08.581905,986,380,244,video
405,68,2025-03-02 05:44:32.581905,760,271,246,image
406,146,2025-03-08 11:29:39.581905,968,417,7,video
407,190,2025-02-26 03:42:42.581905,448,65,140,video
408,37,2025-02-26 06:46:15.581905,842,482,7,text
409,153,2025-03-24 16:58:51.581905,834,423,93,video
410,176,2025-02-28 19:37:43.581905,179,247,38,text
411,193,2025-03-25 13:12:17.581905,701,155,80,text
412,181,2025-03-02 08:59:59.581905,406,46,186,image
413,73,2025-03-15 15:04:00.581905,665,422,83,text
414,143,2025-03-23 07:24:23.581905,195,453,87,text
415,49,2025-03-21 03:51:54.581905,465,200,241,image
416,121,2025-03-18 03:33:17.581905,310,147,92,text
417,88,2025-02-25 18:45:03.581905,261,123,85,image
418,196,2025-02-26 11:16:48.581905,418,0,43,video
419,140,2025-02-28 05:25:59.581905,405,455,136,image
420,187,2025-02-24 05:16:22.581905,938,246,73,text
421,37,2025-03-01 06:58:23.581905,142,342,35,image
422,61,2025-03-16 08:12:41.581905,341,127,100,text
423,171,2025-02-25 00:32:08.581905,315,190,155,video
424,124,2025-03-22 14:22:54.581905,100,66,254,image
425,198,2025-03-22 05:41:35.581905,243,3,170,video
426,39,2025-03-23 00:06:46.581905,489,441,215,text
427,184,2025-03-23 22:12:42.581905,11,408,169,text
428,63,2025-03-04 22:54:28.581905,238,302,251,video
429,46,2025-03-16 05:45:30.581905,560,293,54,image
430,88,2025-03-09 15:34:55.581905,41,142,90,image
431,11,2025-03-25 23:54:22.581905,677,190,277,text
432,62,2025-03-13 12:34:51.581905,593,20,100,video
433,77,2025-03-08 22:20:24.581905,428,226,154,video
434,153,2025-03-13 23:41:35.581905,802,312,140,image
435,199,2025-02-27 10:52:17.581905,157,116,172,image
436,52,2025-03-06 10:02:44.581905,215,436,9,image
437,4,2025-03-12 09:59:43.581905,669,301,227,video
438,59,2025-03-15 02:33:16.581905,461,499,264,image
439,72,2025-03-03 15:19:26.581905,133,141,247,image
440,148,2025-03-25 09:34:33.581905,66,483,246,text
441,93,2025-03-06 09:06:12.581905,847,459,154,image
442,63,2025-02-27 06:11:54.581905,6,400,33,image
443,54,2025-02-26 07:46:19.581905,947,38,128,video
444,117,2025-03-11 18:24:02.581905,525,392,159,video
445,110,2025-03-20 11:50:39.581905,72,354,88,text
446,74,2025-03-14 12:06:15.581905,398,251,92,image
447,107,2025-03-08 20:21:54.581905,404,332,240,text
448,57,2025-03-22 13:37:30.581905,674,206,116,video
449,169,2025-03-03 06:35:39.581905,577,209,93,text
450,3,2025-02-24 16:17:42.581905,858,114,162,video
451,120,2025-03-04 11:08:14.581905,129,224,98,text
452,6,2025-03-09 23:21:06.581905,930,133,112,text
453,5,2025-03-16 12:25:58.581905,465,250,90,image
454,5,2025-03-19 16:53:16.581905,205,218,205,text
455,54,2025-03-02 07:36:13.581905,787,406,16,image
456,47,2025-03-24 11:28:43.581905,977,442,273,image
457,177,2025-03-08 07:02:03.581905,767,90,172,image
458,9,2025-03-12 08:44:37.581905,265,353,115,image
459,99,2025-02-27 00:30:39.581905,536,375,180,text
460,20,2025-03-14 00:40:45.581905,961,45,90,video
461,122,2025-03-01 19:03:39.581905,792,37,81,video
462,61,2025-03-08 16:33:47.581905,252,141,113,video
463,123,2025-03-01 22:55:46.581905,821,99,256,text
464,163,2025-02-27 22:45:40.581905,288,327,57,image
465,178,2025-03-19 21:41:10.581905,163,189,153,video
466,82,2025-03-22 03:22:15.581905,94,34,115,text
467,62,2025-02-25 08:54:47.581905,781,146,265,image
468,145,2025-03-05 15:47:53.581905,832,29,202,video
469,3,2025-03-11 07:40:40.581905,109,333,40,image
470,160,2025-02-28 13:48:44.581905,335,83,104,video
471,13,2025-03-15 11:26:37.581905,821,368,192,video
472,120,2025-03-18 10:34:12.581905,237,280,277,video
473,125,2025-03-03 12:07:00.581905,380,423,236,image
474,89,2025-02-24 20:58:20.581905,435,343,220,text
475,73,2025-02-24 03:33:34.581905,898,269,67,image
476,68,2025-03-21 08:10:44.581905,482,153,196,video
477,142,2025-03-18 09:15:43.581905,936,101,255,image
478,101,2025-02-25 22:18:31.581905,901,214,138,text
479,98,2025-03-02 07:26:13.581905,24,149,148,image
480,11,2025-03-21 21:43:03.581905,652,431,98,text
481,105,2025-03-02 06:22:58.581905,116,82,75,text
482,184,2025-03-02 02:11:58.581905,481,109,281,image
483,67,2025-03-04 02:37:22.581905,391,434,108,video
484,123,2025-03-05 18:14:34.581905,916,386,187,text
485,29,2025-03-09 13:41:15.581905,993,425,198,image
486,137,2025-03-06 04:10:21.581905,963,274,153,text
487,195,2025-03-21 09:04:58.581905,536,200,39,video
488,153,2025-02-24 22:16:27.581905,78,283,132,image
489,76,2025-02-26 09:15:29.581905,579,467,131,image
490,170,2025-03-19 06:28:58.581905,172,172,278,image
491,9,2025-02-28 17:55:20.581905,955,326,83,video
492,40,2025-03-13 04:10:18.581905,11,205,241,text
493,25,2025-02-24 19:43:43.581905,799,62,115,image
494,5,2025-03-11 19:11:18.581905,127,72,108,text
495,139,2025-03-10 04:23:23.581905,607,250,220,text
496,187,2025-03-03 22:17:37.581905,91,123,40,video
497,124,2025-03-25 04:21:07.581905,652,374,146,image
498,38,2025-03-06 12:11:07.581905,542,120,111,text
499,72,2025-03-03 10:58:03.581905,845,274,102,image
500,133,2025-03-14 11:33:28.581905,531,430,45,image
501,176,2025-03-19 08:19:42.581905,657,499,270,video
502,90,2025-03-10 07:22:34.581905,988,397,194,image
503,146,2025-02-24 21:03:01.581905,827,119,279,image
504,198,2025-03-14 18:39:25.581905,446,421,282,text
505,37,2025-03-22 10:44:11.581905,389,436,39,video
506,60,2025-02-28 20:32:22.581905,671,316,188,image
507,176,2025-03-22 15:21:43.581905,860,163,163,text
508,28,2025-03-01 12:08:19.581905,42,423,23,video
509,197,2025-03-19 03:34:53.581905,253,464,23,video
510,81,2025-03-19 07:02:46.581905,129,285,3,text
511,114,2025-03-16 15:22:59.581905,59,264,289,text
512,40,2025-02-24 17:04:41.581905,662,319,180,text
513,45,2025-03-16 13:59:38.581905,466,160,247,text
514,62,2025-03-01 00:51:10.581905,286,375,115,text
515,93,2025-03-05 20:07:57.581905,516,307,278,image
516,115,2025-02-24 04:10:33.581905,466,88,68,image
517,186,2025-03-09 20:38:50.581905,929,141,253,video
518,67,2025-03-06 05:14:39.581905,777,202,180,image
519,56,2025-03-08 03:23:25.581905,344,308,168,image
520,40,2025-03-22 22:21:23.581905,641,226,248,image
521,98,2025-03-17 01:23:58.581905,381,488,187,text
522,40,2025-03-24 02:50:09.581905,778,442,53,video
523,91,2025-02-26 09:35:22.581905,689,333,137,video
524,33,2025-03-23 17:33:55.581905,252,221,167,video
525,6,2025-03-05 05:24:01.581905,926,40,102,video
526,147,2025-03-15 06:54:47.581905,55,195,84,image
527,80,2025-03-09 06:51:43.581905,462,67,211,image
528,168,2025-03-10 00:19:00.581905,456,475,2,text
529,92,2025-03-06 09:43:32.581905,982,263,178,video
530,97,2025-03-02 06:53:03.581905,82,1,37,image
531,59,2025-02-24 13:14:09.581905,904,360,238,image
532,59,2025-02-24 23:20:07.581905,98,124,168,text
533,48,2025-03-12 11:15:01.581905,148,109,29,text
534,169,2025-03-16 16:02:30.581905,328,85,189,text
535,13,2025-03-22 10:58:27.581905,155,424,24,image
536,107,2025-02-26 14:04:52.581905,189,119,111,image
537,45,2025-02-26 19:04:22.581905,493,126,205,text
538,89,2025-03-22 19:00:23.581905,882,254,184,video
539,181,2025-03-25 10:42:56.581905,262,182,46,text
540,170,2025-03-02 04:42:57.581905,79,15,227,text
541,100,2025-03-11 12:45:44.581905,399,476,38,text
542,191,2025-03-20 20:03:00.581905,763,61,15,text
543,155,2025-03-04 10:09:23.581905,608,368,21,image
544,166,2025-03-24 11:52:28.581905,259,431,212,video
545,188,2025-03-10 19:00:53.581905,771,157,148,text
546,7,2025-03-05 10:24:04.581905,614,267,240,video
547,133,2025-03-02 02:21:00.581905,551,34,271,video
548,45,2025-03-10 17:30:55.581905,784,266,58,video
549,58,2025-03-11 14:13:49.581905,100,63,286,text
550,31,2025-03-08 13:46:58.581905,358,493,201,image
551,23,2025-03-08 09:45:30.581905,379,49,31,text
552,170,2025-03-22 04:56:43.581905,819,468,161,video
553,138,2025-03-19 19:55:12.581905,220,254,254,video
554,160,2025-03-11 00:03:10.581905,819,148,253,image
555,107,2025-03-13 20:38:51.581905,419,324,8,text
556,181,2025-03-19 07:58:09.581905,123,303,138,video
557,158,2025-02-28 16:14:47.581905,421,275,9,image
558,39,2025-03-18 09:43:42.581905,230,356,213,video
559,159,2025-03-10 04:18:24.581905,689,450,272,image
560,82,2025-03-04 17:30:46.581905,62,171,47,image
561,100,2025-03-20 14:42:49.581905,484,416,110,text
562,2,2025-03-07 03:07:09.581905,627,200,152,video
563,77,2025-02-26 23:43:50.581905,702,444,122,text
564,12,2025-02-24 10:05:37.581905,573,392,101,video
565,39,2025-03-15 16:34:45.581905,767,323,240,text
566,194,2025-03-01 07:11:32.581905,482,34,190,video
567,13,2025-03-04 18:43:41.581905,518,464,216,text
568,46,2025-03-17 20:43:57.581905,154,481,50,image
569,155,2025-03-05 06:08:08.581905,91,215,291,video
570,113,2025-03-25 14:28:34.581905,981,479,80,video
571,17,2025-03-12 22:47:35.581905,525,64,87,image
572,104,2025-03-22 04:40:41.581905,454,7,193,text
573,98,2025-02-27 15:23:29.581905,740,300,103,video
574,188,2025-03-14 18:28:29.581905,597,342,270,video
575,192,2025-03-14 01:17:11.581905,644,430,95,text
576,88,2025-03-06 03:23:18.581905,509,423,197,image
577,109,2025-03-08 23:02:32.581905,182,331,0,text
578,163,2025-03-04 20:25:42.581905,385,437,166,text
579,70,2025-03-23 17:47:39.581905,573,75,125,text
580,158,2025-03-17 17:42:26.581905,730,173,80,video
581,199,2025-02-26 14:04:27.581905,404,46,250,image
582,74,2025-03-12 14:38:08.581905,245,14,168,image
583,63,2025-03-13 13:56:20.581905,741,360,72,text
584,156,2025-03-17 18:29:10.581905,590,146,140,video
585,60,2025-03-14 02:03:35.581905,660,25,69,text
586,79,2025-03-03 16:18:50.581905,649,307,261,video
587,37,2025-03-13 01:27:19.581905,470,92,244,video
588,22,2025-03-05 14:43:19.581905,825,405,2,video
589,196,2025-03-17 00:38:17.581905,887,231,62,video
590,148,2025-03-21 20:47:27.581905,422,20,48,image
591,96,2025-03-17 14:05:14.581905,900,306,75,video
592,68,2025-03-13 20:59:44.581905,64,37,174,video
593,192,2025-03-04 13:57:26.581905,12,275,108,text
594,17,2025-03-23 16:02:55.581905,212,156,182,text
595,12,2025-02-27 02:48:14.581905,985,178,191,image
596,150,2025-03-03 05:39:57.581905,241,131,64,text
597,145,2025-03-01 00:18:37.581905,492,310,270,video
598,138,2025-03-23 13:51:26.581905,212,454,99,text
599,118,2025-03-08 00:04:19.581905,692,347,31,image
600,193,2025-03-06 01:01:45.581905,337,27,127,text
601,22,2025-03-20 14:05:39.581905,996,259,42,text
602,120,2025-02-24 17:14:35.581905,172,405,77,image
603,50,2025-03-17 19:02:48.581905,671,75,288,image
604,14,2025-03-23 09:11:53.581905,163,428,269,video
605,192,2025-03-17 22:59:53.581905,464,66,161,text
606,175,2025-03-12 12:17:04.581905,994,341,188,video
607,29,2025-03-16 15:05:49.581905,496,491,246,text
608,164,2025-03-22 04:24:35.581905,699,193,215,text
609,180,2025-03-06 19:29:25.581905,394,471,167,video
610,125,2025-03-06 20:33:46.581905,702,161,192,text
611,7,2025-03-08 08:59:06.581905,916,346,282,text
612,29,2025-03-24 20:59:02.581905,307,438,12,text
613,139,2025-03-11 13:23:46.581905,767,360,239,image
614,33,2025-02-24 21:02:30.581905,182,256,146,video
615,134,2025-02-25 23:18:42.581905,628,71,203,image
616,111,2025-03-14 04:54:06.581905,793,86,79,video
617,79,2025-03-24 14:21:06.581905,509,421,42,video
618,160,2025-03-11 15:59:34.581905,707,261,88,text
619,179,2025-03-25 06:01:10.581905,545,213,147,video
620,58,2025-03-05 06:26:54.581905,563,152,94,image
621,26,2025-03-01 20:51:49.581905,623,209,150,image
622,174,2025-02-28 13:18:01.581905,763,400,1,image
623,29,2025-03-19 07:21:55.581905,593,60,21,video
624,4,2025-02-27 18:49:35.581905,743,267,6,image
625,99,2025-03-11 22:35:10.581905,226,261,205,video
626,141,2025-03-08 04:20:39.581905,744,217,113,image
627,39,2025-03-04 02:34:14.581905,732,282,271,image
628,15,2025-03-18 11:19:22.581905,435,135,82,video
629,119,2025-03-21 08:12:23.581905,924,466,178,image
630,29,2025-03-14 15:12:23.581905,421,379,209,text
631,157,2025-02-25 12:39:09.581905,553,361,123,video
632,75,2025-03-09 14:42:15.581905,20,448,112,video
633,116,2025-03-01 04:30:08.581905,553,440,11,video
634,32,2025-03-25 00:00:28.581905,396,92,125,text
635,130,2025-03-02 18:00:42.581905,624,108,52,video
636,175,2025-03-01 11:25:03.581905,104,240,282,image
637,84,2025-03-02 18:27:05.581905,191,354,139,image
638,22,2025-03-07 14:32:03.581905,16,423,96,image
639,27,2025-03-09 17:53:16.581905,119,141,4,video
640,195,2025-03-01 15:25:54.581905,392,290,56,image
641,81,2025-03-10 20:44:39.581905,424,431,68,video
642,126,2025-03-02 04:34:10.581905,128,236,117,image
643,184,2025-03-20 07:25:31.581905,129,339,58,text
644,92,2025-03-08 23:05:36.581905,571,311,32,text
645,21,2025-02-24 10:20:59.581905,559,176,49,text
646,47,2025-02-25 09:59:23.581905,28,140,18,text
647,101,2025-03-15 00:51:43.581905,96,188,213,video
648,187,2025-03-23 16:37:56.581905,9,485,196,image
649,84,2025-02-25 16:12:57.581905,241,48,46,text
650,6,2025-03-16 13:22:43.581905,825,301,166,video
651,147,2025-03-05 10:44:48.581905,955,368,288,text
652,185,2025-02-27 05:24:21.581905,231,189,140,text
653,197,2025-03-12 02:52:21.581905,788,135,83,video
654,131,2025-03-17 21:18:15.581905,283,42,181,video
655,1,2025-02-25 20:43:23.581905,714,403,78,image
656,58,2025-02-27 05:53:13.581905,758,379,214,image
657,124,2025-02-24 02:45:51.581905,801,352,13,text
658,166,2025-03-04 06:00:33.581905,775,89,214,text
659,15,2025-03-19 04:53:36.581905,954,294,127,image
660,162,2025-03-11 10:17:10.581905,725,340,247,image
661,189,2025-03-16 01:04:27.581905,199,244,28,video
662,163,2025-03-04 09:23:27.581905,944,432,279,image
663,64,2025-03-23 02:34:24.581905,78,191,201,image
664,25,2025-02-28 01:52:13.581905,912,317,56,text
665,24,2025-03-05 11:39:13.581905,955,105,217,image
666,12,2025-03-17 14:54:39.581905,854,362,61,text
667,18,2025-03-22 16:49:03.581905,855,309,156,image
668,15,2025-03-17 11:24:31.581905,172,381,201,video
669,27,2025-03-08 07:15:32.581905,466,232,16,image
670,72,2025-02-26 00:00:20.581905,580,264,5,image
671,60,2025-03-09 22:04:11.581905,415,343,57,image
672,174,2025-03-13 10:48:56.581905,939,36,168,text
673,145,2025-03-08 16:41:28.581905,448,304,81,video
674,93,2025-03-19 06:27:23.581905,86,40,218,image
675,53,2025-03-11 21:43:19.581905,100,16,176,text
676,8,2025-03-05 20:57:50.581905,7,343,203,video
677,79,2025-03-02 10:23:04.581905,844,276,70,text
678,27,2025-03-10 13:47:55.581905,199,306,265,text
679,174,2025-03-04 05:20:50.581905,504,58,97,video
680,50,2025-02-25 04:15:40.581905,86,422,290,image
681,199,2025-03-01 23:11:37.581905,42,182,207,text
682,131,2025-03-09 20:20:34.581905,384,40,1,text
683,93,2025-03-01 23:48:20.581905,620,38,123,image
684,192,2025-03-11 20:36:29.581905,434,396,279,image
685,172,2025-03-04 01:35:56.581905,407,191,73,video
686,181,2025-03-03 12:26:40.581905,482,266,165,video
687,24,2025-03-06 01:39:02.581905,663,493,21,video
688,60,2025-03-15 13:14:55.581905,16,146,153,image
689,122,2025-03-21 20:10:16.581905,644,394,294,text
690,131,2025-03-04 04:35:15.581905,147,332,218,text
691,148,2025-03-01 16:27:07.581905,276,126,156,video
692,46,2025-03-07 08:28:42.581905,231,45,229,image
693,15,2025-03-23 15:20:41.581905,825,44,19,text
694,153,2025-03-19 02:16:25.581905,926,0,40,video
695,199,2025-03-08 18:12:41.581905,365,167,147,text
696,17,2025-03-20 09:32:31.581905,227,107,107,text
697,126,2025-03-05 16:09:03.581905,650,18,83,image
698,84,2025-03-13 20:46:13.581905,435,331,289,image
699,9,2025-02-27 18:22:53.581905,398,71,133,text
700,166,2025-02-27 21:35:06.581905,210,455,206,video
701,176,2025-02-24 04:34:56.581905,390,444,282,image
702,188,2025-02-27 18:51:24.581905,498,108,265,text
703,63,2025-03-02 11:29:29.581905,539,267,72,image
704,117,2025-03-05 03:31:09.581905,562,444,47,image
705,130,2025-03-25 21:32:46.581905,490,239,232,image
706,88,2025-03-24 12:14:59.581905,441,416,99,text
707,72,2025-03-11 21:34:40.581905,260,300,58,video
708,139,2025-03-18 11:23:14.581905,772,89,257,video
709,64,2025-03-11 18:29:45.581905,349,102,64,video
710,72,2025-02-27 00:20:22.581905,351,475,82,image
711,21,2025-03-01 11:22:16.581905,519,249,153,text
712,18,2025-02-24 22:12:17.581905,319,452,265,image
713,64,2025-03-04 07:13:56.581905,137,7,78,video
714,82,2025-02-27 01:03:57.581905,549,152,149,video
715,110,2025-03-14 19:31:39.581905,622,346,47,text
716,95,2025-03-11 02:47:43.581905,991,173,247,image
717,166,2025-03-24 14:40:39.581905,367,342,277,video
718,32,2025-03-25 09:28:46.581905,219,157,97,text
719,11,2025-03-14 03:02:44.581905,336,492,24,image
720,45,2025-03-10 18:03:07.581905,222,430,283,image
721,33,2025-03-14 03:47:39.581905,647,214,67,video
722,102,2025-03-17 13:55:18.581905,767,176,6,video
723,169,2025-03-03 15:15:46.581905,359,174,136,image
724,136,2025-03-22 23:21:16.581905,920,339,163,image
725,11,2025-03-17 12:22:23.581905,328,337,82,video
726,179,2025-03-03 09:20:08.581905,961,145,137,image
727,88,2025-03-25 08:35:01.581905,462,449,72,video
728,41,2025-03-23 08:53:09.581905,945,323,236,image
729,145,2025-03-03 18:26:01.581905,962,477,45,video
730,76,2025-03-03 23:25:21.581905,560,160,105,text
731,121,2025-03-01 21:13:37.581905,803,126,287,video
732,46,2025-03-22 17:32:25.581905,381,419,261,video
733,160,2025-03-03 19:55:44.581905,835,81,175,text
734,80,2025-03-16 02:11:38.581905,589,484,165,image
735,54,2025-03-08 12:36:34.581905,616,146,144,text
736,86,2025-03-14 23:44:14.581905,168,238,282,video
737,92,2025-03-08 00:20:02.581905,216,411,53,image
738,148,2025-03-06 16:03:26.581905,377,423,177,text
739,161,2025-03-22 09:03:31.581905,118,83,243,image
740,168,2025-03-11 05:22:21.581905,189,112,126,image
741,160,2025-03-10 17:36:42.581905,766,224,270,text
742,97,2025-03-12 10:57:17.581905,369,331,131,image
743,2,2025-03-25 07:42:29.581905,777,377,92,text
744,33,2025-03-24 05:22:47.581905,148,242,72,video
745,158,2025-03-18 16:25:14.581905,675,142,247,image
746,161,2025-03-18 05:24:12.581905,651,40,272,video
747,77,2025-03-14 15:32:23.581905,858,422,42,video
748,116,2025-03-06 20:39:25.581905,487,257,40,image
749,154,2025-03-21 01:03:27.581905,769,446,169,text
750,150,2025-03-13 19:27:24.581905,373,284,211,image
751,103,2025-03-09 12:48:38.581905,780,104,167,video
752,194,2025-03-08 16:06:31.581905,692,201,38,video
753,166,2025-03-23 16:25:04.581905,159,449,244,text
754,103,2025-03-21 21:27:39.581905,350,306,150,image
755,90,2025-03-08 05:31:59.581905,911,330,110,video
756,174,2025-03-22 02:17:58.581905,287,460,46,video
757,122,2025-03-09 23:32:52.581905,287,265,62,video
758,143,2025-02-24 17:01:32.581905,891,397,224,text
759,106,2025-03-20 08:21:44.581905,225,209,68,video
760,119,2025-02-25 04:10:12.581905,522,50,298,video
761,172,2025-03-10 17:03:33.581905,521,117,289,image
762,49,2025-03-08 12:29:07.581905,782,200,295,image
763,104,2025-03-20 15:40:20.581905,272,376,202,video
764,61,2025-03-25 01:20:03.581905,935,38,60,video
765,195,2025-03-10 06:20:16.581905,401,27,160,image
766,123,2025-03-22 13:03:36.581905,182,258,15,text
767,134,2025-03-12 15:44:58.581905,968,83,93,text
768,9,2025-03-22 12:16:07.581905,664,453,137,text
769,6,2025-03-21 11:39:16.581905,487,154,37,text
770,73,2025-03-02 22:08:46.581905,826,116,126,text
771,103,2025-03-22 19:34:35.581905,845,1,274,text
772,160,2025-03-22 14:06:10.581905,123,92,163,text
773,41,2025-03-06 16:32:59.581905,984,165,76,text
774,114,2025-03-25 20:33:49.581905,625,386,173,image
775,8,2025-03-14 06:03:05.581905,789,399,90,text
776,72,2025-03-18 20:52:09.581905,413,349,237,text
777,178,2025-03-13 18:04:57.581905,979,295,263,text
778,92,2025-03-06 17:31:46.581905,724,257,178,video
779,62,2025-03-03 11:12:32.581905,171,80,208,image
780,84,2025-02-28 14:52:20.581905,287,424,72,image
781,62,2025-03-05 13:04:38.581905,434,267,106,image
782,111,2025-02-24 21:26:48.581905,685,418,294,text
783,127,2025-03-16 00:37:11.581905,112,234,283,text
784,7,2025-03-23 11:17:44.581905,887,320,181,video
785,84,2025-03-09 22:30:29.581905,916,310,36,image
786,132,2025-03-20 03:52:34.581905,994,300,136,text
787,134,2025-03-11 05:50:53.581905,121,462,55,image
788,58,2025-03-18 22:12:33.581905,543,473,186,video
789,22,2025-03-25 13:52:53.581905,221,356,257,video
790,154,2025-03-05 23:44:06.581905,630,212,57,video
791,127,2025-02-25 11:26:20.581905,38,61,122,image
792,3,2025-03-03 09:43:32.581905,496,48,187,text
793,127,2025-03-15 12:46:37.581905,779,126,229,text
794,41,2025-03-10 04:17:29.581905,232,222,167,video
795,188,2025-03-14 20:24:42.581905,942,408,113,text
796,106,2025-03-01 02:34:41.581905,529,278,251,video
797,14,2025-03-12 13:35:43.581905,148,407,106,image
798,12,2025-03-22 22:49:56.581905,396,293,36,video
799,87,2025-03-20 09:29:21.581905,660,283,91,image
800,12,2025-03-21 11:42:41.581905,637,276,17,video
801,141,2025-03-12 20:52:48.581905,903,437,62,text
802,25,2025-03-13 10:55:32.581905,301,106,149,text
803,45,2025-03-05 00:35:20.581905,359,145,138,video
804,122,2025-03-03 17:41:43.581905,237,419,185,text
805,147,2025-03-12 20:51:47.581905,646,98,184,text
806,55,2025-03-15 13:35:10.581905,662,428,204,text
807,100,2025-03-01 12:22:37.581905,235,374,259,image
808,173,2025-03-15 06:22:43.581905,735,72,213,text
809,136,2025-03-15 18:17:27.581905,202,436,255,image
810,119,2025-02-28 13:55:40.581905,255,485,134,video
811,53,2025-02-24 10:04:41.581905,597,121,60,text
812,183,2025-03-06 19:17:02.581905,661,29,87,text
813,32,2025-03-20 16:26:08.581905,234,187,206,text
814,51,2025-03-02 07:52:25.581905,344,363,128,video
815,44,2025-03-12 03:09:06.581905,533,353,2,image
816,82,2025-03-25 20:00:50.581905,859,287,241,image
817,198,2025-02-25 01:13:31.581905,796,450,120,text
818,146,2025-02-24 09:07:02.581905,780,194,101,video
819,150,2025-03-24 14:00:19.581905,465,155,37,video
820,37,2025-03-22 14:16:15.581905,769,171,132,video
821,96,2025-03-07 17:01:50.581905,540,334,201,video
822,56,2025-03-16 11:07:16.581905,212,40,20,video
823,105,2025-03-02 17:44:42.581905,462,62,241,image
824,59,2025-03-19 06:22:36.581905,435,22,108,image
825,131,2025-03-06 16:12:53.581905,282,359,83,image
826,156,2025-03-06 02:14:29.581905,561,74,82,text
827,35,2025-03-05 09:53:59.581905,606,47,290,video
828,189,2025-03-09 13:11:44.581905,462,159,68,text
829,93,2025-03-11 07:47:59.581905,406,312,128,video
830,182,2025-02-28 23:39:47.581905,87,117,195,image
831,191,2025-03-07 01:05:36.581905,43,99,139,text
832,97,2025-03-21 17:32:00.581905,460,379,282,image
833,135,2025-03-02 04:44:00.581905,277,416,233,video
834,76,2025-03-21 05:16:42.581905,682,407,22,video
835,49,2025-03-22 05:08:30.581905,420,166,152,video
836,94,2025-03-07 14:56:40.581905,700,289,276,image
837,159,2025-02-26 06:39:17.581905,352,439,60,video
838,186,2025-03-06 02:15:04.581905,695,155,51,image
839,189,2025-03-22 01:28:09.581905,514,420,152,text
840,24,2025-03-10 01:57:21.581905,702,6,236,video
841,148,2025-03-21 19:38:59.581905,629,195,31,video
842,37,2025-03-03 20:19:13.581905,18,420,54,video
843,4,2025-02-28 22:46:21.581905,22,55,35,text
844,108,2025-03-08 01:40:02.581905,412,320,109,video
845,126,2025-03-05 07:38:10.581905,29,192,176,image
846,20,2025-03-02 08:50:24.581905,806,46,294,image
847,188,2025-03-15 17:29:48.581905,107,147,96,video
848,152,2025-03-16 03:57:09.581905,366,274,212,video
849,50,2025-03-09 16:03:26.581905,280,156,136,text
850,177,2025-03-16 20:22:49.581905,127,201,5,text
851,179,2025-03-18 20:49:04.581905,228,443,108,text
852,96,2025-02-28 14:24:59.581905,110,401,34,video
853,105,2025-03-21 16:22:00.581905,135,475,38,text
854,164,2025-03-08 00:47:44.581905,361,418,149,text
855,117,2025-03-23 09:36:08.581905,185,426,117,image
856,98,2025-03-02 04:31:21.581905,655,494,260,text
857,66,2025-03-12 04:45:06.581905,583,478,86,image
858,79,2025-02-26 22:38:28.581905,128,474,75,image
859,162,2025-03-21 23:24:00.581905,875,125,213,text
860,164,2025-03-07 01:52:36.581905,260,394,284,image
861,6,2025-03-17 20:04:16.581905,514,304,238,video
862,39,2025-02-24 20:31:10.581905,448,368,164,video
863,170,2025-03-10 10:27:42.581905,899,293,86,text
864,115,2025-03-07 03:47:07.581905,103,63,140,video
865,186,2025-03-23 02:39:18.581905,482,324,159,image
866,125,2025-03-24 21:26:17.581905,223,391,45,video
867,12,2025-03-05 23:52:43.581905,831,417,111,text
868,131,2025-03-09 10:57:40.581905,873,175,44,text
869,18,2025-03-06 02:54:16.581905,865,115,246,image
870,40,2025-03-23 04:24:42.581905,490,439,103,text
871,21,2025-03-14 19:22:24.581905,472,203,84,video
872,143,2025-03-05 05:36:47.581905,9,485,133,text
873,99,2025-03-08 06:27:20.581905,404,320,107,image
874,26,2025-02-27 09:11:49.581905,895,30,17,text
875,8,2025-03-14 16:31:05.581905,301,387,93,video
876,100,2025-03-12 11:59:19.581905,230,112,149,image
877,87,2025-03-14 03:34:13.581905,730,364,245,video
878,42,2025-03-02 17:26:37.581905,922,433,288,image
879,172,2025-02-27 09:03:39.581905,65,324,208,text
880,14,2025-02-28 13:51:12.581905,936,413,125,image
881,78,2025-03-04 09:11:30.581905,111,375,234,image
882,2,2025-02-28 18:37:08.581905,12,343,121,text
883,119,2025-03-23 21:04:12.581905,392,442,137,video
884,37,2025-02-28 11:53:59.581905,499,66,114,text
885,69,2025-02-24 04:07:14.581905,931,74,161,image
886,166,2025-03-11 05:29:48.581905,597,44,200,text
887,41,2025-03-03 17:04:09.581905,233,259,233,image
888,62,2025-03-19 02:07:23.581905,601,153,27,text
889,60,2025-03-20 05:25:39.581905,313,154,10,text
890,125,2025-03-21 11:02:49.581905,565,429,205,video
891,111,2025-03-13 05:13:17.581905,11,362,166,image
892,14,2025-03-07 19:34:00.581905,208,447,246,video
893,84,2025-03-08 17:36:41.581905,973,474,46,image
894,130,2025-03-03 03:29:19.581905,13,233,245,text
895,70,2025-03-23 00:25:44.581905,632,50,126,image
896,145,2025-03-05 05:10:14.581905,417,305,146,video
897,123,2025-03-11 18:39:56.581905,436,261,117,video
898,89,2025-03-09 17:17:12.581905,376,314,151,video
899,28,2025-03-12 01:28:31.581905,19,124,71,image
900,66,2025-03-15 22:20:50.581905,586,398,136,video
901,163,2025-03-24 09:29:58.581905,911,244,174,video
902,5,2025-03-12 03:12:45.581905,754,29,288,video
903,193,2025-02-28 14:02:21.581905,734,425,18,text
904,168,2025-03-08 18:07:28.581905,69,484,194,text
905,184,2025-03-08 04:39:34.581905,823,121,174,image
906,164,2025-02-25 16:42:50.581905,210,124,140,image
907,45,2025-03-09 06:11:51.581905,100,36,245,video
908,151,2025-03-02 06:30:42.581905,697,169,92,text
909,47,2025-03-13 06:46:11.581905,131,123,238,video
910,31,2025-03-21 01:28:15.581905,622,356,204,video
911,139,2025-03-18 18:00:56.581905,380,34,47,text
912,10,2025-03-24 10:41:44.581905,131,86,244,text
913,195,2025-03-06 05:11:59.581905,19,133,294,text
914,118,2025-03-02 03:43:11.581905,905,195,127,image
915,14,2025-03-13 00:30:21.581905,535,273,281,image
916,80,2025-03-03 23:20:37.581905,226,200,16,video
917,93,2025-03-17 14:06:06.581905,153,368,70,image
918,10,2025-03-08 09:49:43.581905,804,284,268,text
919,76,2025-03-16 19:01:08.581905,741,76,281,text
920,94,2025-03-14 05:57:48.581905,468,58,6,image
921,105,2025-03-05 17:08:02.581905,821,430,102,video
922,1,2025-03-08 16:57:14.581905,999,125,192,video
923,133,2025-02-27 23:50:31.581905,870,499,240,image
924,20,2025-03-25 18:26:56.581905,404,400,61,video
925,8,2025-03-22 21:47:13.581905,201,108,16,video
926,171,2025-03-09 10:31:37.581905,37,223,170,video
927,1,2025-03-12 21:42:03.581905,941,495,24,text
928,57,2025-03-04 02:08:43.581905,771,277,250,text
929,64,2025-03-01 04:32:01.581905,187,67,252,image
930,118,2025-03-25 03:31:36.581905,56,68,206,text
931,28,2025-03-06 16:36:15.581905,940,164,28,video
932,121,2025-03-07 03:38:26.581905,19,488,116,text
933,107,2025-03-21 10:49:22.581905,272,304,281,image
934,165,2025-03-06 18:37:49.581905,118,396,143,text
935,175,2025-03-14 22:48:48.581905,582,161,24,video
936,165,2025-02-28 02:33:33.581905,515,364,155,video
937,49,2025-03-13 22:02:28.581905,220,341,72,image
938,120,2025-03-25 22:43:22.581905,525,308,119,text
939,44,2025-02-28 01:56:41.581905,514,378,92,text
940,56,2025-03-11 08:14:35.581905,727,342,85,text
941,156,2025-03-08 22:25:02.581905,740,434,117,video
942,111,2025-03-08 12:52:56.581905,335,386,232,image
943,134,2025-03-12 21:46:25.581905,697,41,198,text
944,108,2025-03-21 12:37:02.581905,54,353,205,video
945,189,2025-03-11 09:44:16.581905,499,415,146,video
946,148,2025-03-18 11:31:15.581905,899,108,270,video
947,114,2025-03-05 23:37:15.581905,887,50,138,text
948,78,2025-03-18 02:17:19.581905,765,249,180,text
949,130,2025-03-08 14:51:17.581905,535,496,29,text
950,37,2025-03-23 10:39:39.581905,161,340,56,text
951,20,2025-03-12 11:32:24.581905,669,429,231,text
952,26,2025-03-18 03:12:14.581905,593,382,145,text
953,29,2025-03-23 15:17:52.581905,914,491,47,text
954,1,2025-03-05 21:33:00.581905,158,20,193,text
955,119,2025-03-10 06:31:07.581905,187,299,223,text
956,35,2025-03-14 20:23:28.581905,59,138,135,video
957,198,2025-03-13 10:28:39.581905,914,358,21,text
958,59,2025-03-10 00:55:05.581905,816,323,5,image
959,69,2025-03-22 17:34:26.581905,318,498,203,video
960,161,2025-03-18 02:16:30.581905,877,384,238,text
961,179,2025-03-12 18:35:05.581905,210,91,184,image
962,12,2025-03-17 00:10:15.581905,405,446,291,text
963,20,2025-03-21 03:11:11.581905,663,279,219,image
964,181,2025-02-25 13:40:55.581905,108,124,115,image
965,43,2025-03-24 14:07:18.581905,75,482,48,image
966,126,2025-03-15 21:00:39.581905,541,396,172,image
967,50,2025-03-11 12:27:56.581905,313,110,81,video
968,29,2025-03-20 04:28:21.581905,997,353,44,video
969,185,2025-03-22 02:10:49.581905,116,138,19,image
970,39,2025-03-25 09:26:21.581905,926,483,220,text
971,184,2025-02-28 00:29:34.581905,867,434,122,image
972,171,2025-03-13 22:40:36.581905,703,272,233,video
973,178,2025-03-15 19:45:41.581905,18,98,220,text
974,151,2025-02-28 14:31:36.581905,431,251,2,video
975,172,2025-03-08 09:51:16.581905,684,337,181,video
976,38,2025-03-15 04:45:36.581905,739,103,205,text
977,84,2025-03-19 00:23:46.581905,349,213,39,image
978,151,2025-02-28 16:06:17.581905,182,248,58,image
979,128,2025-02-24 23:47:04.581905,112,151,61,image
980,126,2025-02-25 15:44:22.581905,182,249,131,image
981,45,2025-03-10 15:25:11.581905,480,274,59,text
982,52,2025-03-18 04:44:34.581905,145,164,121,text
983,80,2025-02-25 13:37:12.581905,830,486,106,text
984,178,2025-03-06 11:35:56.581905,627,340,95,video
985,124,2025-03-02 09:06:43.581905,112,7,234,text
986,119,2025-03-03 20:57:15.581905,762,283,61,image
987,8,2025-03-22 13:25:13.581905,475,4,255,video
988,85,2025-03-21 10:40:50.581905,762,144,48,image
989,129,2025-02-26 18:35:50.581905,302,100,158,image
990,8,2025-03-05 12:41:25.581905,970,163,123,text
991,157,2025-03-19 20:31:18.581905,824,373,206,text
992,96,2025-03-14 02:14:38.581905,117,146,47,image
993,102,2025-02-26 09:01:03.581905,812,63,135,image
994,5,2025-03-24 00:44:31.581905,160,90,200,video
995,86,2025-03-06 10:04:02.581905,400,116,249,text
996,175,2025-02-24 02:41:13.581905,197,353,294,video
997,34,2025-03-05 19:38:28.581905,259,266,208,video
998,193,2025-03-01 21:37:42.581905,659,309,210,video
999,55,2025-03-16 14:06:33.581905,751,172,191,image
1000,119,2025-03-09 12:27:48.581905,46,46,43,video
